id,class
10001,13
10002,16
10004,9
10008,20
10009,13
10010,18
10011,1
10015,4
10023,5
10027,13
10032,16
10034,5
10035,4
10040,18
10041,19
10043,15
10044,18
10045,9
10048,15
10051,18
10057,19
10060,18
10061,12
10063,10
10068,16
10069,20
10073,8
10080,2
10083,16
10084,19
10089,16
10093,6
10095,4
10097,1
10099,4
10102,19
10104,6
10105,11
10107,19
10115,15
10116,5
10118,4
10123,19
10126,19
10127,1
10129,9
10130,20
10131,18
10134,4
10136,11
10137,17
10139,13
10141,4
10147,2
10148,13
10149,12
10151,16
10152,16
10156,8
10157,17
10158,4
10160,4
10162,17
10167,19
10171,9
10175,13
10177,20
10180,8
10182,16
10184,2
10190,14
10194,11
10195,16
10197,5
10198,12
10202,8
10203,5
10204,11
10209,18
10210,9
10223,17
10226,5
10232,17
10235,20
10236,11
10237,12
10241,19
10242,17
10244,5
10246,17
10247,17
10248,16
10250,8
10251,9
10256,11
10259,6
10260,10
10261,9
10263,19
10264,11
10265,5
10267,16
10269,19
10273,20
10276,18
10285,19
10287,13
10291,19
10296,16
10300,13
10301,17
10304,9
10305,2
10309,20
10310,5
10320,16
10322,17
10323,19
10324,11
10325,4
10329,19
10336,13
10337,20
10338,15
10341,9
10351,18
10352,16
10354,20
10357,17
10358,19
10359,8
10361,15
10364,12
10366,11
10369,4
10370,4
10374,4
10375,9
10377,11
10381,18
10382,8
10384,4
10389,4
10390,19
10392,9
10394,17
10402,10
10404,4
10406,19
10409,4
10410,16
10412,18
10414,16
10417,4
10418,8
10420,8
10423,2
10426,9
10427,4
10434,5
10435,16
10441,20
10452,17
10453,19
10461,13
10462,15
10466,19
10467,4
10468,19
10472,15
10476,19
10480,20
10484,17
10485,4
10488,17
10489,5
10493,4
10494,15
10497,20
10498,8
10500,1
10507,19
10511,9
10519,4
10521,8
10524,2
10526,6
10530,17
10535,2
10536,17
10538,6
10539,15
10552,18
10554,14
10556,20
10558,11
10560,13
10564,1
10566,20
10569,4
10570,17
10571,19
10575,5
10577,4
10583,20
10584,8
10585,4
10589,14
10592,20
10594,17
10595,19
10596,2
10601,13
10606,19
10607,18
10613,20
10615,20
10618,3
10621,9
10626,16
10628,16
10629,16
10633,5
10634,19
10638,6
10642,20
10643,19
10644,5
10646,17
10647,15
10653,19
10655,19
10656,11
10657,7
10666,6
10668,6
10669,16
10670,13
10671,10
10676,10
10679,19
10682,11
10684,12
10685,11
10686,19
10687,6
10688,16
10691,9
10693,7
10700,6
10704,13
10705,13
10707,5
10711,17
10716,4
10717,4
10718,1
10719,5
10725,19
10729,19
10730,2
10732,19
10736,17
10737,18
10738,19
10739,8
10744,14
10749,9
10750,11
10751,5
10753,5
10755,10
10756,20
10757,4
10759,7
10760,19
10761,13
10763,11
10767,8
10768,18
10770,6
10772,6
10774,4
10776,4
10777,4
10778,16
10779,20
10783,13
10784,18
10786,13
10795,2
10798,11
10803,4
10806,6
10807,16
10812,20
10814,4
10816,13
10819,11
10821,13
10825,20
10827,14
10832,19
10833,17
10837,2
10838,13
10839,18
10840,16
10842,17
10847,5
10852,11
10854,15
10856,15
10859,13
10861,12
10862,17
10863,4
10865,6
10866,20
10868,20
10870,19
10873,20
10874,19
10875,17
10881,19
10883,17
10885,2
10886,2
10887,18
10888,11
10890,11
10891,13
10892,2
10894,6
10896,4
10900,4
10905,20
10908,20
10910,20
10917,16
10920,15
10926,4
10938,4
10943,8
10946,10
10950,13
10952,4
10953,3
10957,16
10958,4
10959,4
10962,17
10965,15
10966,20
10967,16
10970,11
10972,6
10974,19
10979,15
10980,4
10986,10
10988,8
10989,13
10990,20
10996,20
10997,9
10999,4
11003,16
11006,6
11015,5
11016,15
11022,2
11023,6
11025,16
11030,5
11032,6
11037,18
11039,11
11048,11
11051,19
11052,4
11054,4
11055,6
11059,6
11061,16
11066,15
11069,2
11073,4
11075,13
11080,8
11085,17
11091,2
11096,5
11100,15
11101,4
11103,17
11104,19
11107,5
11108,8
11122,19
11124,4
11125,18
11126,9
11132,20
11134,4
11136,4
11141,20
11144,20
11145,19
11152,16
11154,20
11156,4
11159,20
11162,11
11165,16
11166,12
11170,5
11172,10
11175,10
11177,5
11179,11
11181,8
11187,20
11188,10
11189,3
11191,16
11197,15
11201,5
11203,20
11206,11
11207,20
11210,10
11214,20
11223,20
11225,2
11226,17
11228,15
11229,4
11233,5
11236,4
11237,17
11238,6
11240,4
11242,16
11246,13
11249,13
11251,1
11254,16
11263,16
11265,8
11269,20
11272,20
11274,2
11277,9
11281,18
11282,2
11284,4
11285,6
11286,17
11289,9
11291,15
11293,6
11294,6
11298,4
11302,20
11307,4
11311,16
11312,15
11315,8
11316,10
11317,5
11318,16
11322,19
11329,1
11330,4
11332,16
11333,6
11335,4
11337,15
11338,8
11342,6
11343,17
11352,4
11353,18
11354,17
11355,4
11357,11
11358,12
11359,1
11360,10
11361,10
11362,4
11365,13
11366,16
11367,5
11372,13
11374,4
11376,4
11381,8
11382,17
11388,6
11392,9
11393,8
11394,19
11397,20
11400,11
11401,20
11404,11
11411,13
11415,2
11416,15
11417,5
11418,12
11419,11
11424,17
11427,11
11430,20
11432,4
11435,8
11436,16
11439,8
11440,1
11442,4
11445,9
11447,6
11450,19
11452,19
11457,4
11458,20
11459,15
11462,5
11463,13
11464,6
11465,18
11470,9
11472,11
11474,2
11476,9
11482,10
11484,20
11491,19
11492,17
11494,8
11500,10
11504,4
11508,9
11512,19
11513,12
11517,20
11520,19
11522,9
11530,20
11533,9
11540,2
11543,11
11545,6
11546,2
11550,15
11551,1
11554,2
11556,6
11562,8
11566,9
11574,20
11575,19
11576,11
11578,16
11579,15
11591,13
11593,15
11594,5
11595,9
11597,11
11604,2
11606,18
11610,12
11612,3
11613,2
11614,19
11615,4
11617,8
11621,15
11624,4
11629,6
11634,18
11642,4
11643,19
11647,9
11650,16
11651,17
11657,16
11659,16
11667,5
11673,20
11675,17
11678,19
11680,19
11681,13
11683,18
11684,18
11685,9
11688,17
11691,6
11693,4
11694,6
11695,1
11697,13
11700,9
11704,19
11705,2
11712,19
11713,6
11716,14
11719,8
11723,17
11726,16
11732,11
11733,15
11737,20
11739,11
11748,16
11750,2
11756,19
11759,9
11764,4
11766,4
11767,16
11769,20
11775,17
11777,6
11778,9
11779,13
11783,20
11786,16
11787,15
11789,10
11792,15
11795,4
11796,4
11798,12
11820,4
11821,6
11823,2
11824,19
11834,18
11835,13
11839,6
11841,4
11842,20
11844,1
11846,10
11847,5
11849,17
11851,4
11852,19
11856,13
11857,19
11859,4
11860,2
11866,19
11867,20
11868,19
11872,7
11875,11
11883,20
11887,13
11888,16
11891,6
11895,5
11898,15
11903,2
11904,8
11912,2
11913,19
11916,13
11920,9
11921,13
11923,17
11924,1
11925,20
11926,4
11927,14
11935,4
11939,2
11941,4
11942,12
11944,11
11945,2
11946,2
11947,19
11948,4
11949,16
11950,2
11952,4
11953,4
11954,6
11961,17
11962,6
11963,4
11964,15
11965,18
11966,2
11971,11
11974,2
11982,9
11984,20
11985,6
11986,19
11987,17
11988,4
11990,4
11991,15
11992,10
11993,4
11996,10
11998,11
11999,11
12001,15
12002,18
12004,11
12008,20
12009,11
12011,17
12018,9
12020,13
12021,16
12024,16
12029,15
12030,15
12035,9
12038,13
12039,1
12049,4
12052,6
12053,4
12054,18
12058,4
12062,1
12064,7
12072,4
12074,13
12081,6
12082,16
12087,4
12089,18
12091,6
12093,16
12094,8
12095,13
12099,11
12100,2
12101,15
12102,19
12105,6
12106,17
12112,2
12114,17
12121,19
12124,8
12127,9
12129,9
12130,16
12132,2
12133,19
12149,19
12152,4
12156,14
12157,16
12158,11
12159,17
12160,6
12161,18
12166,18
12170,12
12171,9
12172,8
12175,16
12176,16
12179,16
12184,2
12188,5
12190,19
12196,11
12197,12
12198,20
12201,4
12203,19
12205,2
12206,4
12208,2
12209,19
12211,19
12215,4
12217,15
12218,4
12219,16
12224,16
12227,4
12231,16
12233,18
12234,15
12237,2
12240,18
12242,9
12243,10
12248,11
12251,13
12268,4
12280,19
12282,19
12286,10
12287,5
12289,19
12290,17
12294,10
12299,10
12301,20
12302,18
12306,16
12308,20
12311,9
12318,16
12323,6
12326,4
12329,16
12334,8
12336,15
12337,20
12339,9
12340,15
12342,4
12343,18
12344,11
12348,19
12359,19
12361,4
12362,4
12363,9
12365,8
12368,16
12374,19
12375,19
12377,11
12378,11
12380,16
12387,5
12388,19
12389,11
12390,18
12397,17
12398,18
12401,19
12404,1
12405,20
12408,16
12409,16
12410,8
12412,9
12413,19
12414,20
12416,10
12417,16
12420,13
12421,19
12428,19
12433,13
12440,11
12441,11
12444,2
12445,19
12447,4
12448,13
12450,12
12452,20
12454,14
12457,9
12461,15
12464,11
12465,20
12467,4
12469,17
12471,12
12472,5
12473,5
12475,10
12476,5
12479,2
12483,19
12487,1
12490,9
12493,6
12495,16
12496,11
12499,19
12504,19
12507,18
12510,7
12512,7
12513,4
12514,19
12520,5
12521,13
12526,19
12531,5
12532,2
12533,17
12537,4
12540,17
12543,19
12544,15
12549,13
12550,8
12553,13
12559,18
12560,16
12562,19
12565,18
12571,4
12573,9
12583,4
12585,10
12586,16
12594,17
12596,13
12598,20
12602,2
12606,12
12610,14
12615,18
12618,17
12621,18
12623,20
12624,15
12629,20
12631,19
12632,13
12640,12
12641,1
12642,15
12645,19
12646,6
12648,19
12650,6
12664,6
12665,2
12666,4
12669,11
12670,6
12671,16
12673,9
12675,2
12676,18
12677,17
12679,4
12680,18
12682,4
12686,17
12691,4
12696,11
12698,6
12703,7
12709,4
12710,16
12714,15
12717,19
12719,4
12720,2
12722,4
12725,18
12726,16
12729,9
12731,18
12733,19
12734,11
12736,4
12737,17
12738,17
12739,13
12743,8
12744,4
12746,1
12748,5
12749,11
12751,11
12752,19
12753,11
12754,16
12756,12
12762,10
12764,9
12765,5
12770,9
12771,19
12773,4
12779,19
12787,10
12788,18
12790,9
12791,18
12792,16
12795,13
12798,20
12800,5
12807,7
12809,9
12810,4
12812,6
12815,2
12816,17
12822,4
12823,16
12829,4
12830,6
12832,13
12833,11
12836,6
12837,4
12839,15
12843,6
12846,1
12847,4
12849,18
12853,2
12859,19
12861,19
12865,8
12866,19
12867,15
12869,16
12872,6
12873,8
12877,16
12878,2
12879,17
12882,11
12883,20
12885,6
12887,8
12888,4
12889,4
12890,11
12906,15
12907,5
12910,4
12914,19
12916,11
12917,6
12919,8
12920,19
12925,9
12929,9
12934,20
12938,20
12940,15
12941,2
12943,2
12944,20
12948,11
12950,11
12960,4
12962,11
12963,15
12964,11
12966,4
12967,9
12969,19
12970,5
12973,4
12975,16
12977,4
12981,17
12983,4
12984,4
12985,9
12994,6
13000,9
13001,9
13005,15
13006,6
13007,16
13008,19
13010,13
13011,16
13013,19
13014,19
13017,13
13022,17
13023,20
13032,19
13033,16
13034,4
13035,13
13036,20
13037,4
13045,6
13049,12
13050,6
13051,16
13058,19
13063,8
13065,5
13067,18
13068,17
13069,5
13072,5
13074,6
13075,19
13076,8
13079,12
13081,4
13090,1
13092,4
13096,6
13097,7
13099,7
13106,5
13108,13
13116,15
13117,13
13119,10
13123,19
13129,16
13136,5
13137,8
13138,6
13139,2
13143,19
13145,8
13146,2
13147,7
13149,18
13153,4
13154,16
13157,20
13160,5
13163,9
13168,17
13169,16
13171,11
13172,8
13176,19
13186,20
13190,20
13194,18
13196,4
13198,16
13200,5
13205,5
13209,7
13215,2
13217,15
13220,4
13223,9
13225,20
13226,19
13227,16
13228,2
13233,19
13235,15
13236,2
13237,5
13238,4
13243,19
13244,17
13251,5
13253,11
13257,4
13258,6
13259,10
13263,15
13266,13
13272,4
13275,4
13278,13
13281,8
13284,4
13288,11
13292,17
13295,14
13296,7
13300,17
13306,20
13307,19
13314,7
13315,19
13318,8
13319,9
13323,20
13325,2
13327,16
13328,9
13331,7
13335,5
13337,2
13339,9
13340,16
13349,9
13352,4
13355,11
13361,20
13362,4
13366,11
13376,1
13381,19
13383,15
13384,20
13385,4
13388,10
13390,15
13392,17
13393,16
13394,19
13398,13
13401,4
13402,9
13404,5
13405,14
13408,5
13414,17
13415,16
13416,19
13417,17
13418,13
13432,8
13433,20
13434,10
13435,7
13440,14
13443,4
13445,2
13446,6
13448,11
13451,10
13453,19
13455,10
13456,3
13457,11
13459,10
13464,20
13468,19
13469,9
13472,16
13473,16
13479,10
13480,4
13484,6
13485,18
13486,13
13488,13
13490,17
13493,15
13494,20
13499,9
13500,2
13501,13
13506,20
13510,13
13511,8
13516,9
13518,9
13523,11
13526,16
13531,19
13534,17
13536,9
13538,19
13541,16
13543,5
13544,6
13545,13
13548,9
13549,17
13550,19
13551,17
13553,18
13560,3
13561,4
13562,10
13567,19
13569,18
13570,17
13572,5
13573,17
13578,19
13580,16
13584,6
13585,10
13586,17
13588,15
13591,18
13593,13
13594,20
13596,20
13597,19
13600,19
13602,15
13605,4
13612,2
13615,9
13616,16
13618,5
13620,8
13621,4
13630,19
13633,11
13638,13
13639,17
13640,8
13646,15
13651,18
13654,7
13655,19
13657,14
13659,13
13660,9
13667,4
13669,1
13670,16
13673,19
13675,5
13678,20
13681,9
13683,15
13685,5
13686,20
13690,18
13700,18
13704,2
13706,15
13708,8
13711,4
13717,2
13718,9
13720,4
13722,20
13724,13
13725,19
13726,5
13731,16
13733,16
13737,4
13738,8
13739,6
13743,18
13744,10
13747,4
13748,5
13751,17
13752,6
13754,18
13755,13
13762,6
13768,11
13769,4
13771,16
13781,13
13782,18
13784,20
13792,11
13794,20
13800,10
13803,19
13808,4
13809,11
13811,19
13814,5
13816,10
13817,20
13824,11
13825,18
13827,6
13829,18
13836,20
13837,15
13840,4
13845,11
13849,6
13851,4
13852,15
13858,2
13865,18
13866,19
13867,17
13874,2
13882,19
13883,6
13888,9
13891,9
13894,6
13896,19
13898,13
13905,6
13906,9
13909,11
13910,6
13912,20
13913,2
13917,20
13920,18
13921,9
13922,4
13923,17
13928,6
13931,11
13933,19
13934,13
13939,10
13941,17
13943,12
13946,6
13951,18
13954,4
13956,16
13960,18
13961,19
13963,6
13967,19
13969,4
13970,5
13971,19
13973,9
13974,15
13975,17
13976,11
13983,9
13984,18
13985,4
13988,9
13989,9
13991,16
13992,12
13998,8
14004,12
14008,9
14009,4
14010,19
14012,19
14014,20
14018,16
14024,4
14028,15
14029,19
14035,13
14049,9
14050,16
14053,6
14054,2
14055,18
14057,15
14061,4
14063,9
14066,11
14067,4
14071,9
14076,4
14077,17
14081,9
14083,17
14084,17
14086,10
14098,9
14101,3
14102,10
14105,19
14107,16
14111,16
14112,20
14113,16
14114,11
14121,19
14125,4
14131,5
14133,15
14139,20
14140,17
14144,11
14146,17
14147,5
14150,13
14152,4
14154,10
14155,6
14158,11
14160,19
14162,18
14163,16
14166,9
14167,11
14171,4
14172,16
14173,11
14184,4
14185,4
14187,19
14188,8
14190,2
14193,11
14195,1
14196,15
14197,19
14200,16
14206,15
14207,19
14208,4
14209,16
14210,10
14214,9
14215,19
14220,4
14222,4
14224,19
14226,10
14229,6
14230,18
14232,15
14233,20
14234,18
14236,15
14241,18
14244,17
14245,17
14246,10
14247,9
14250,15
14251,11
14255,4
14261,4
14262,11
14263,6
14264,10
14269,15
14271,5
14278,17
14279,2
14282,9
14283,17
14284,17
14285,19
14292,19
14294,14
14295,15
14298,15
14299,6
14300,9
14303,9
14304,13
14305,10
14308,16
14311,4
14312,13
14315,9
14318,19
14321,10
14327,2
14330,18
14332,13
14337,13
14340,17
14341,13
14342,11
14345,9
14350,4
14351,17
14352,11
14354,9
14355,4
14357,10
14359,15
14361,4
14363,4
14369,16
14370,17
14373,10
14376,12
14377,4
14378,6
14379,9
14381,19
14385,20
14388,14
14389,15
14390,11
14391,4
14396,4
14399,11
14400,13
14401,18
14404,16
14408,16
14410,6
14425,7
14426,18
14430,11
14431,19
14436,20
14443,15
14445,11
14447,20
14450,17
14452,19
14454,14
14457,9
14458,18
14459,6
14462,9
14463,18
14468,5
14469,20
14471,17
14472,17
14474,9
14476,5
14477,5
14480,9
14482,13
14486,12
14488,6
14489,16
14490,2
14494,9
14504,7
14511,19
14512,15
14513,8
14517,16
14529,17
14532,17
14534,9
14535,15
14536,13
14538,5
14539,18
14540,5
14543,4
14545,20
14547,4
14552,2
14553,15
14555,11
14556,4
14562,9
14563,19
14564,19
14567,16
14572,19
14574,4
14575,20
14585,19
14586,2
14594,13
14597,15
14608,6
14609,7
14615,16
14616,16
14619,20
14620,18
14625,19
14629,13
14631,12
14632,13
14633,5
14635,19
14642,4
14644,19
14646,18
14652,4
14654,4
14655,13
14658,13
14659,19
14662,9
14665,6
14667,4
14669,20
14673,11
14676,19
14677,4
14679,16
14680,11
14681,17
14682,4
14684,13
14685,9
14686,13
14687,20
14688,18
14697,19
14698,8
14699,13
14700,4
14706,17
14707,9
14708,11
14709,9
14716,2
14717,9
14718,15
14721,4
14723,15
14724,15
14728,11
14731,9
14732,19
14734,15
14738,20
14743,5
14745,13
14749,8
14750,19
14751,8
14753,4
14759,10
14760,1
14762,11
14763,4
14766,15
14768,5
14770,19
14771,17
14772,7
14777,6
14779,20
14781,9
14785,13
14786,6
14787,18
14790,7
14792,4
14795,12
14798,20
14800,19
14801,17
14803,16
14812,6
14817,4
14825,10
14828,8
14830,18
14831,5
14840,2
14842,4
14843,19
14845,20
14846,9
14847,12
14848,16
14849,9
14851,6
14852,15
14854,16
14855,4
14856,5
14857,13
14859,4
14861,7
14864,5
14865,10
14872,15
14875,15
14876,4
14878,7
14883,19
14887,6
14890,9
14891,11
14893,13
14895,13
14896,19
14899,1
14903,19
14904,18
14905,16
14907,17
14909,16
14910,8
14911,11
14912,12
14914,8
14919,13
14920,10
14921,20
14922,20
14926,1
14931,15
14933,15
14934,8
14937,18
14939,19
14949,16
14952,4
14954,19
14957,19
14958,13
14959,2
14960,4
14961,17
14971,15
14973,10
14975,9
14976,18
14979,16
14980,20
14981,17
14982,17
14984,9
14986,17
14987,2
14991,15
14993,18
14996,2
14997,4
14998,11
14999,17
15000,9
15002,20
15005,4
15013,17
15014,5
15017,19
15019,6
15020,19
15021,6
15031,4
15036,10
15039,9
15040,2
15050,4
15053,11
15056,9
15057,11
15061,16
15062,4
15063,1
15064,1
15066,4
15067,9
15068,2
15072,4
15075,18
15079,15
15081,4
15083,10
15089,6
15090,2
15091,20
15096,5
15097,20
15102,19
15105,6
15107,4
15108,6
15109,9
15111,13
15113,5
15119,4
15120,19
15121,18
15122,18
15123,15
15124,19
15126,4
15127,18
15129,13
15140,16
15142,15
15144,9
15145,2
15147,12
15149,2
15152,2
15156,20
15157,5
15158,19
15160,10
15162,12
15164,17
15169,15
15172,19
15173,10
15175,4
15181,10
15184,9
15185,4
15187,18
15189,10
15191,17
15192,11
15194,6
15195,19
15197,4
15199,4
15202,17
15207,13
15209,5
15211,15
15214,7
15217,6
15223,3
15224,11
15226,9
15227,5
15228,19
15229,18
15236,2
15243,15
15245,11
15247,19
15252,6
15254,6
15257,16
15258,5
15266,9
15269,4
15276,13
15278,16
15282,5
15285,4
15286,8
15293,18
15304,4
15307,5
15314,20
15315,19
15321,11
15324,9
15325,4
15327,11
15335,4
15345,4
15347,2
15348,4
15353,4
15354,19
15357,19
15361,4
15367,20
15368,11
15369,2
15372,12
15382,18
15383,17
15387,6
15390,2
15393,19
15394,4
15396,17
15397,15
15398,8
15400,17
15403,18
15408,11
15413,9
15418,16
15419,19
15420,13
15421,4
15433,14
15434,17
15435,17
15443,2
15444,6
15446,4
15447,15
15449,19
15450,20
15451,15
15455,9
15456,8
15461,16
15463,19
15464,4
15471,9
15473,6
15475,4
15477,11
15480,18
15481,19
15483,19
15484,2
15486,6
15489,20
15490,18
15503,4
15505,11
15506,15
15512,6
15515,9
15517,12
15518,11
15520,4
15521,12
15524,19
15525,2
15526,13
15528,9
15531,13
15534,20
15536,19
15538,6
15540,16
15545,4
15549,15
15556,7
15558,15
15559,9
15561,6
15562,18
15563,16
15570,11
15573,13
15574,9
15577,19
15578,16
15579,5
15581,6
15586,19
15589,9
15592,20
15594,18
15595,9
15596,13
15598,18
15599,2
15600,16
15607,11
15610,12
15612,17
15616,8
15617,5
15620,8
15621,18
15622,6
15627,2
15628,19
15630,9
15634,4
15635,13
15637,6
15641,13
15644,19
15647,20
15648,11
15650,6
15653,1
15654,5
15655,8
15658,11
15660,16
15664,4
15665,15
15666,19
15669,11
15670,19
15674,18
15676,6
15677,4
15678,9
15686,2
15693,4
15694,9
15705,18
15710,12
15712,15
15717,17
15719,19
15720,5
15724,18
15729,10
15731,19
15732,11
15733,4
15735,4
15738,9
15739,15
15740,19
15741,9
15743,13
15745,4
15748,17
15751,9
15752,16
15756,6
15759,6
15761,11
15764,4
15766,11
15773,11
15775,15
15776,19
15778,20
15779,11
15784,20
15790,5
15792,15
15794,4
15797,11
15799,2
15802,17
15803,19
15804,4
15805,4
15811,16
15816,4
15818,20
15820,6
15823,15
15824,18
15827,18
15829,1
15831,17
15833,20
15834,13
15836,15
15838,13
15840,10
15841,13
15844,4
15848,11
15849,20
15850,20
15853,4
15856,6
15858,6
15859,10
15862,20
15867,19
15870,1
15877,6
15883,9
15884,9
15885,15
15888,17
15889,6
15895,4
15897,19
15904,5
15905,2
15906,7
15908,15
15917,10
15920,11
15921,6
15923,19
15924,20
15929,7
15935,19
15939,4
15940,19
15943,9
15944,10
15949,2
15958,8
15962,4
15965,10
15968,16
15969,15
15970,9
15975,19
15976,2
15993,11
15995,9
15998,5
16000,16
16001,6
16003,8
16005,19
16008,19
16015,2
16017,9
16018,20
16019,16
16020,11
16023,8
16030,15
16036,9
16038,4
16039,11
16041,18
16046,4
16047,4
16050,1
16056,9
16057,6
16060,2
16064,12
16065,4
16070,4
16071,11
16072,16
16073,4
16074,9
16076,13
16079,5
16085,16
16090,6
16093,13
16097,6
16098,6
16101,8
16103,16
16107,11
16112,12
16114,4
16117,15
16119,9
16122,9
16123,9
16124,4
16125,11
16126,9
16128,2
16131,19
16139,18
16144,12
16150,10
16151,5
16152,6
16153,13
16156,4
16157,2
16160,4
16165,19
16168,5
16169,9
16171,17
16172,17
16175,9
16176,2
16181,4
16182,11
16188,4
16193,15
16198,4
16203,15
16209,7
16212,13
16215,17
16216,11
16220,9
16223,19
16224,20
16225,19
16235,2
16243,19
16246,4
16251,16
16255,4
16258,15
16260,5
16262,18
16265,16
16267,2
16271,7
16274,17
16275,10
16277,12
16278,18
16279,20
16280,5
16282,19
16284,2
16288,4
16289,16
16297,16
16298,9
16302,7
16303,7
16306,12
16307,20
16313,5
16315,2
16316,6
16320,19
16325,9
16326,16
16329,9
16335,15
16340,2
16345,2
16349,9
16352,15
16353,7
16361,15
16363,5
16364,4
16366,11
16369,19
16372,19
16376,9
16377,6
16380,15
16381,18
16383,19
16384,8
16385,14
16387,6
16391,13
16392,4
16396,6
16400,18
16405,12
16408,5
16413,18
16415,2
16416,17
16419,17
16421,13
16426,20
16434,15
16435,20
16437,13
16439,6
16449,17
16456,9
16457,4
16460,11
16461,9
16462,4
16466,9
16468,11
16473,4
16487,16
16489,4
16490,20
16494,10
16495,13
16500,13
16505,13
16506,6
16507,19
16512,16
16513,6
16515,19
16517,9
16518,11
16519,13
16521,20
16523,5
16524,7
16527,9
16530,19
16540,13
16544,15
16548,12
16551,4
16557,11
16562,6
16565,6
16570,6
16571,5
16573,17
16575,5
16577,13
16578,16
16579,6
16580,19
16587,5
16590,18
16591,18
16592,4
16593,2
16594,8
16601,11
16604,6
16605,6
16607,2
16616,19
16618,20
16621,19
16623,5
16624,6
16625,9
16626,12
16627,15
16629,17
16634,4
16635,4
16637,10
16639,4
16641,13
16644,2
16646,9
16648,2
16650,13
16653,9
16654,19
16656,11
16663,18
16664,4
16667,17
16670,18
16671,8
16681,19
16691,19
16692,9
16693,10
16709,4
16710,18
16711,4
16719,12
16720,13
16721,6
16724,13
16726,6
16728,2
16729,19
16731,8
16732,4
16742,11
16745,12
16747,19
16748,17
16749,4
16752,9
16756,15
16760,16
16761,4
16762,20
16766,19
16769,10
16770,4
16775,19
16776,19
16777,9
16778,5
16781,20
16784,19
16791,19
16792,20
16793,20
16795,13
16796,4
16799,4
16800,11
16810,17
16811,11
16817,2
16820,2
16828,17
16832,6
16833,12
16835,19
16840,9
16841,6
16844,18
16848,19
16852,16
16854,17
16858,4
16859,17
16864,15
16869,9
16870,4
16873,19
16874,7
16876,18
16878,11
16881,12
16885,18
16892,13
16895,15
16896,7
16898,19
16900,19
16907,12
16910,4
16913,4
16915,8
16916,17
16920,15
16921,15
16922,6
16926,19
16927,19
16928,15
16931,11
16933,17
16934,18
16940,15
16941,20
16944,18
16947,4
16948,11
16949,19
16952,15
16953,12
16954,9
16961,9
16964,14
16965,11
16966,10
16967,6
16970,16
16972,18
16974,6
16975,9
16976,4
16977,19
16979,4
16981,8
16985,5
16986,19
16988,17
16990,15
16992,5
17001,4
17004,18
17005,8
17008,9
17010,4
17016,4
17018,20
17020,9
17021,12
17030,11
17034,4
17041,11
17044,11
17045,11
17047,2
17048,19
17049,9
17053,4
17058,6
17059,10
17061,4
17063,1
17065,12
17068,7
17069,12
17070,9
17074,20
17079,15
17082,9
17086,3
17087,16
17093,6
17094,16
17095,11
17097,11
17099,11
17100,4
17101,10
17102,11
17104,9
17105,20
17107,17
17108,4
17110,16
17115,15
17116,8
17118,4
17120,15
17121,9
17124,12
17125,19
17130,12
17131,13
17132,19
17138,7
17139,16
17140,18
17155,4
17158,13
17160,19
17162,17
17165,18
17166,2
17169,8
17177,18
17183,16
17185,16
17186,7
17188,20
17189,15
17192,19
17193,20
17195,19
17196,19
17203,12
17206,6
17207,17
17209,13
17213,19
17215,13
17219,16
17222,19
17224,8
17227,4
17229,5
17235,12
17244,12
17245,18
17246,15
17247,11
17248,13
17250,10
17253,6
17257,12
17258,9
17259,2
17261,6
17263,10
17264,16
17265,9
17269,6
17273,4
17274,17
17281,17
17283,8
17288,16
17290,16
17298,4
17300,4
17301,2
17302,19
17304,6
17307,10
17310,19
17315,17
17320,16
17323,20
17325,12
17330,6
17333,10
17334,4
17336,6
17344,20
17345,19
17352,18
17354,4
17356,6
17357,8
17358,9
17360,4
17361,9
17366,6
17367,6
17368,16
17369,9
17370,13
17372,10
17377,18
17380,15
17384,11
17388,19
17389,10
17390,8
17392,20
17395,15
17396,4
17397,20
17401,15
17402,17
17408,19
17411,8
17419,4
17421,9
17425,4
17426,8
17432,3
17437,4
17441,8
17445,11
17448,20
17453,10
17456,1
17462,10
17466,17
17467,19
17469,4
17471,15
17479,17
17484,4
17487,6
17490,20
17491,11
17494,19
17497,19
17501,9
17506,4
17508,19
17509,15
17511,1
17516,5
17517,19
17524,11
17531,11
17532,19
17537,6
17539,8
17542,9
17547,19
17553,11
17556,15
17560,13
17564,19
17566,4
17570,4
17573,16
17574,17
17579,19
17581,9
17582,10
17584,19
17586,13
17587,18
17589,13
17593,17
17597,19
17600,15
17602,4
17604,5
17607,19
17611,19
17613,12
17614,8
17616,17
17619,17
17621,9
17628,4
17633,16
17634,2
17635,15
17646,17
17651,11
17652,15
17662,18
17664,6
17665,5
17670,16
17671,9
17675,20
17676,9
17677,17
17680,16
17686,2
17687,4
17688,19
17691,18
17693,11
17695,15
17697,11
17700,11
17706,4
17707,17
17709,16
17710,6
17715,6
17716,17
17717,18
17719,16
17720,19
17721,13
17722,4
17730,16
17732,17
17737,15
17738,16
17739,4
17743,11
17744,4
17745,3
17747,13
17748,12
17749,4
17752,15
17755,4
17757,20
17759,18
17763,17
17769,12
17771,19
17772,9
17775,8
17779,12
17781,11
17783,4
17790,13
17791,5
17792,4
17796,12
17799,11
17801,4
17803,1
17804,13
17808,20
17813,18
17815,17
17816,6
17819,9
17820,13
17821,8
17823,16
17824,16
17828,17
17830,9
17833,11
17839,4
17843,8
17848,4
17849,6
17850,17
17852,6
17853,19
17862,20
17863,9
17865,16
17871,19
17873,10
17874,9
17875,7
17877,4
17882,20
17885,6
17891,11
17893,2
17896,9
17899,9
17901,11
17903,19
17909,10
17910,16
17915,15
17917,8
17919,17
17924,20
17925,4
17928,17
17931,17
17935,19
17940,13
17941,11
17942,20
17947,11
17948,20
17949,6
17950,2
17953,16
17969,16
17978,20
17979,4
17980,20
17982,7
17984,4
17985,11
17989,8
17992,12
17994,2
17995,16
17998,16
18003,11
18004,19
18006,12
18011,10
18012,11
18013,20
18014,13
18017,19
18019,9
18021,15
18023,6
18025,20
18027,15
18029,18
18030,16
18032,13
18037,8
18038,19
18039,5
18041,13
18042,9
18043,15
18047,8
18049,17
18051,10
18052,4
18058,12
18059,8
18060,12
18064,9
18068,11
18069,15
18073,16
18074,2
18078,19
18081,10
18082,16
18085,17
18094,10
18098,4
18099,10
18102,18
18103,7
18107,2
18112,6
18115,17
18117,18
18123,6
18125,4
18126,19
18130,18
18132,8
18137,13
18139,17
18140,10
18142,17
18146,17
18148,5
18151,15
18156,9
18160,15
18161,11
18162,2
18163,6
18164,12
18167,16
18168,1
18171,19
18176,19
18179,4
18180,8
18182,1
18184,8
18185,4
18190,4
18191,4
18195,16
18196,12
18204,2
18205,19
18207,6
18211,16
18213,5
18215,2
18216,4
18220,9
18224,2
18229,6
18231,4
18232,14
18236,4
18239,20
18249,4
18250,4
18255,4
18258,6
18259,11
18271,17
18272,20
18278,4
18282,13
18284,20
18285,4
18288,4
18290,4
18292,15
18295,9
18296,16
18297,11
18300,17
18305,18
18306,15
18307,17
18308,2
18309,9
18319,10
18322,4
18329,9
18330,15
18331,10
18334,2
18336,12
18339,11
18344,17
18345,13
18346,6
18347,12
18353,20
18358,4
18359,4
18364,5
18369,15
18370,4
18373,11
18374,9
18375,20
18379,11
18382,13
18386,2
18388,11
18392,12
18397,4
18398,8
18399,15
18404,17
18409,4
18413,9
18414,1
18420,4
18424,9
18426,9
18428,17
18431,11
18436,9
18437,15
18439,6
18440,9
18441,11
18442,9
18448,10
18454,18
18455,11
18457,19
18458,6
18459,19
18462,13
18466,16
18472,11
18473,16
18474,6
18475,11
18478,15
18479,16
18480,4
18481,16
18489,9
18492,16
18493,18
18494,16
18500,5
18510,9
18516,11
18520,18
18522,20
18532,19
18533,1
18535,17
18536,4
18540,15
18542,19
18543,8
18545,2
18546,9
18549,9
18550,4
18551,16
18554,4
18557,8
18558,19
18565,12
18579,11
18581,5
18582,3
18591,4
18594,2
18595,18
18601,19
18603,12
18619,8
18620,19
18621,6
18626,2
18632,11
18635,9
18638,13
18639,19
18640,4
18642,2
18643,10
18646,14
18647,16
18653,2
18657,6
18659,4
18662,9
18663,6
18665,16
18669,6
18672,9
18674,8
18675,16
18677,6
18680,19
18690,13
18697,9
18698,13
18699,5
18700,16
18702,4
18706,13
18711,6
18712,16
18714,17
18716,19
18718,6
18721,16
18723,16
18726,4
18727,6
18728,16
18730,14
18735,4
18742,9
18748,18
18755,1
18758,12
18761,9
18768,6
18773,8
18776,13
18777,4
18784,19
18785,18
18789,15
18791,10
18793,2
18794,11
18797,19
18799,4
18800,9
18803,9
18804,6
18807,2
18811,19
18816,16
18817,19
18818,14
18819,10
18820,16
18822,17
18824,16
18826,18
18827,1
18828,4
18831,9
18833,11
18835,4
18837,6
18841,11
18843,14
18846,4
18850,13
18851,10
18852,15
18856,6
18859,4
18860,2
18861,5
18862,19
18876,4
18881,13
18882,20
18885,16
18886,12
18887,9
18888,4
18889,14
18890,17
18891,16
18892,13
18897,2
18901,4
18903,4
18904,15
18907,6
18911,4
18914,9
18918,4
18921,20
18925,16
18928,9
18929,15
18933,20
18945,6
18947,15
18948,17
18954,16
18957,17
18959,17
18960,15
18962,11
18964,20
18968,13
18971,13
18976,20
18979,16
18980,20
18983,16
18986,20
18991,9
18993,18
18994,19
18997,20
18999,17
19000,2
19001,9
19002,2
19012,18
19013,6
19016,13
19017,19
19020,11
19021,15
19023,11
19027,19
19028,6
19035,19
19036,18
19039,4
19043,19
19045,4
19047,19
19050,3
19054,11
19058,5
19062,11
19064,13
19067,11
19069,19
19071,4
19074,17
19077,4
19082,11
19088,4
19091,16
19093,11
19095,18
19097,19
19105,2
19108,20
19110,13
19112,18
19113,4
19114,19
19121,6
19122,2
19124,6
19125,14
19126,4
19130,6
19133,19
19134,16
19136,4
19138,11
19139,11
19142,15
19149,2
19153,16
19158,2
19161,19
19165,4
19168,18
19173,6
19174,18
19178,9
19179,4
19180,19
19181,4
19182,2
19184,19
19187,4
19189,4
19190,5
19196,2
19202,5
19205,15
19207,9
19208,15
19209,19
19218,9
19221,2
19223,13
19224,19
19225,4
19226,16
19230,15
19231,10
19232,19
19233,13
19238,4
19242,11
19246,13
19247,19
19248,9
19250,17
19251,9
19261,13
19262,9
19266,4
19276,14
19279,18
19280,18
19292,18
19295,2
19296,11
19299,13
19303,18
19305,19
19309,9
19310,18
19314,17
19315,1
19320,16
19322,6
19329,4
19338,19
19347,4
19348,13
19350,2
19356,11
19361,13
19362,17
19367,2
19373,7
19376,10
19382,17
19386,4
19388,6
19393,2
19394,18
19397,19
19398,9
19400,16
19407,20
19408,20
19412,9
19417,20
19419,5
19420,10
19421,19
19428,2
19429,20
19430,6
19437,19
19443,16
19448,5
19451,10
19454,6
19458,4
19461,19
19467,17
19468,17
19469,5
19470,19
19475,5
19478,15
19479,11
19480,11
19481,4
19485,19
19486,19
19487,4
19497,10
19499,11
19500,13
19501,12
19502,12
19503,17
19504,19
19505,9
19506,15
19509,9
19511,2
19512,2
19513,16
19518,19
19520,16
19523,18
19525,4
19529,8
19531,9
19532,19
19533,2
19535,4
19539,20
19540,18
19545,15
19546,9
19551,2
19554,9
19556,4
19557,18
19559,16
19563,19
19567,2
19568,19
19569,2
19573,6
19576,5
19581,19
19584,19
19585,5
19587,4
19588,19
19600,19
19601,19
19603,2
19605,9
19607,17
19608,20
19609,4
19612,20
19618,16
19619,2
19621,9
19622,13
19623,16
19624,5
19625,15
19628,16
19631,2
19632,1
19633,13
19634,5
19637,20
19638,19
19645,16
19646,11
19648,11
19651,11
19653,9
19655,6
19663,16
19669,7
19672,20
19673,18
19674,16
19681,12
19682,15
19683,16
19684,20
19686,2
19688,4
19689,6
19690,19
19691,15
19693,17
19694,9
19696,13
19698,17
19700,6
19702,6
19703,16
19706,4
19709,8
19710,18
19712,6
19715,4
19717,20
19723,19
19729,20
19732,9
19733,17
19737,4
19739,6
19740,14
19742,6
19744,18
19746,15
19752,5
19756,5
19759,17
19760,12
19762,19
19763,19
19765,4
19766,16
19767,15
19768,6
19774,4
19779,20
19783,2
19785,20
19787,8
19789,16
19790,15
19794,15
19801,16
19802,17
19805,19
19806,9
19808,19
19812,15
19820,9
19834,16
19836,9
19837,7
19838,4
19839,17
19841,20
19847,16
19850,11
19853,18
19854,16
19858,19
19860,10
19864,9
19865,20
19867,6
19870,2
19875,6
19878,16
19884,4
19886,20
19888,20
19889,10
19891,4
19895,2
19897,5
19899,2
19900,19
19902,18
19909,15
19918,10
19920,11
19921,6
19925,4
19936,11
19939,16
19941,2
19942,4
19948,15
19950,16
19958,19
19959,18
19960,9
19961,13
19965,8
19971,18
19972,11
19973,19
19974,4
19980,20
19981,11
19982,15
19990,5
19991,2
19992,4
19996,9
19997,4
19998,8
19999,20
20001,4
20003,8
20006,5
20014,6
20015,4
20017,10
20018,12
20019,19
20022,4
20025,16
20031,12
20032,17
20036,15
20037,19
20045,19
20046,4
20049,17
20054,19
20055,16
20060,17
20063,2
20064,5
20068,4
20070,13
20079,8
20081,6
20082,2
20083,18
20085,5
20087,9
20093,15
20095,15
20099,15
20105,16
20107,15
20108,2
20109,13
20110,16
20111,13
20113,15
20114,20
20115,17
20118,10
20119,4
20120,8
20122,15
20125,11
20127,6
20128,16
20132,5
20133,4
20134,3
20136,19
20139,6
20140,19
20144,4
20145,5
20149,4
20152,3
20153,16
20154,2
20155,4
20158,13
20161,17
20162,6
20168,4
20174,19
20183,19
20185,4
20189,18
20190,4
20191,19
20195,15
20196,10
20198,18
20202,17
20206,20
20207,2
20213,20
20214,18
20216,4
20218,10
20226,9
20228,4
20233,6
20234,11
20240,13
20242,11
20246,9
20248,6
20249,11
20250,13
20252,5
20253,16
20254,4
20259,4
20261,17
20264,15
20265,13
20268,4
20269,16
20270,8
20272,15
20274,14
20276,2
20285,1
20286,19
20290,16
20292,10
20293,6
20294,15
20296,13
20297,16
20304,9
20309,15
20310,6
20316,8
20319,10
20320,15
20323,11
20324,12
20329,10
20331,12
20332,17
20333,6
20334,13
20340,12
20341,12
20342,13
20344,16
20345,11
20346,17
20348,2
20353,20
20355,7
20360,8
20361,4
20362,16
20366,7
20368,19
20372,13
20376,3
20389,9
20396,4
20399,16
20402,7
20409,20
20411,4
20417,20
20421,19
20423,19
20426,8
20427,20
20428,10
20438,11
20443,19
20444,4
20445,11
20446,4
20447,5
20448,18
20449,13
20450,13
20451,7
20452,8
20454,20
20459,17
20461,6
20463,4
20464,4
20465,9
20466,4
20470,20
20472,18
20476,4
20478,20
20481,4
20486,10
20491,17
20496,18
20499,11
20509,6
20510,13
20514,15
20516,6
20518,10
20519,16
20520,2
20522,19
20523,16
20524,18
20528,2
20531,5
20533,11
20545,6
20548,17
20550,13
20551,2
20554,15
20556,18
20561,9
20567,9
20570,16
20575,4
20577,1
20579,10
20585,10
20587,11
20589,19
20590,10
20594,5
20595,6
20596,7
20601,4
20602,1
20603,3
20606,19
20608,17
20609,20
20614,8
20615,20
20616,19
20617,10
20618,19
20620,6
20621,2
20623,12
20624,15
20627,6
20628,19
20629,4
20630,19
20633,9
20634,14
20637,18
20640,6
20641,15
20643,11
20645,6
20646,11
20653,11
20654,4
20655,8
20656,6
20657,8
20662,20
20665,15
20667,4
20669,12
20670,4
20672,20
20673,17
20678,17
20687,4
20688,18
20691,10
20693,2
20699,18
20701,19
20705,6
20706,9
20707,16
20708,4
20709,2
20711,4
20714,9
20715,16
20720,20
20722,3
20723,5
20725,6
20731,4
20739,9
20741,10
20742,8
20751,19
20762,17
20763,4
20765,16
20767,16
20771,4
20778,16
20783,9
20784,16
20787,5
20789,9
20792,6
20797,6
20801,16
20802,8
20803,20
20810,19
20812,13
20816,6
20822,11
20826,15
20827,18
20829,11
20831,17
20841,9
20845,17
20848,4
20853,4
20855,6
20857,11
20861,17
20862,5
20864,16
20865,17
20866,7
20868,6
20870,16
20872,20
20873,12
20878,4
20880,2
20886,9
20887,11
20888,7
20889,6
20891,12
20893,13
20898,6
20899,19
20901,13
20906,11
20907,7
20908,9
20911,11
20914,13
20915,1
20916,18
20919,4
20922,10
20924,19
20928,11
20934,10
20943,11
20946,9
20950,4
20951,12
20952,4
20953,9
20954,18
20966,5
20968,17
20972,17
20973,19
20975,12
20981,13
20983,19
20985,13
20988,6
20989,6
20990,10
20991,4
20992,19
20993,12
20996,8
20997,19
20998,19
20999,4
21000,2
21002,19
21010,9
21013,9
21017,10
21018,20
21019,15
21023,7
21035,9
21038,19
21047,16
21055,17
21061,12
21063,13
21068,11
21073,18
21078,13
21079,15
21080,13
21081,19
21096,12
21097,2
21098,20
21103,15
21104,18
21106,9
21109,5
21111,19
21114,16
21120,9
21122,4
21123,17
21125,11
21126,12
21127,12
21128,16
21130,15
21132,9
21133,13
21134,20
21137,4
21138,12
21139,19
21140,20
21145,13
21147,19
21148,14
21151,4
21153,4
21154,17
21156,4
21163,17
21165,8
21166,2
21168,18
21178,16
21180,17
21188,13
21189,20
21190,9
21191,11
21192,11
21193,9
21196,12
21202,6
21203,10
21204,9
21209,2
21210,19
21211,4
21212,15
21213,8
21214,10
21215,18
21221,18
21222,7
21223,19
21224,18
21226,11
21232,4
21234,4
21236,9
21238,9
21241,11
21252,20
21255,4
21257,20
21259,19
21263,12
21264,13
21265,15
21267,4
21268,19
21269,20
21273,15
21279,17
21288,19
21297,15
21300,2
21302,10
21304,16
21308,20
21312,15
21314,1
21315,5
21317,19
21319,4
21321,20
21323,12
21329,16
21331,17
21333,9
21336,9
21338,16
21340,5
21342,6
21345,11
21346,15
21347,4
21354,19
21361,19
21362,5
21365,18
21366,20
21368,20
21369,19
21371,13
21377,19
21379,9
21384,2
21385,4
21386,4
21393,4
21397,15
21398,16
21404,9
21405,8
21409,20
21410,14
21413,4
21422,6
21424,2
21426,9
21427,18
21428,15
21429,6
21430,19
21432,19
21439,6
21441,11
21447,8
21449,4
21451,10
21453,15
21454,2
21457,13
21459,19
21465,5
21470,17
21472,6
21474,4
21477,10
21484,9
21487,8
21489,19
21491,6
21496,10
21502,17
21505,20
21509,5
21514,10
21515,13
21521,18
21522,6
21524,19
21525,2
21530,13
21533,4
21538,18
21542,6
21546,10
21547,6
21548,19
21552,20
21554,11
21564,17
21565,20
21569,9
21571,13
21577,20
21583,16
21585,9
21591,8
21592,15
21593,13
21594,12
21595,6
21602,15
21603,4
21605,6
21606,11
21607,5
21610,9
21614,18
21620,4
21621,10
21623,20
21625,8
21626,4
21627,13
21630,6
21634,20
21636,5
21637,5
21639,5
21641,5
21642,4
21644,19
21646,8
21661,1
21665,11
21666,4
21668,13
21675,18
21678,20
21679,11
21682,11
21687,20
21688,9
21691,10
21695,9
21696,5
21697,9
21698,11
21700,13
21707,4
21717,5
21718,7
21720,16
21721,10
21722,20
21723,16
21724,11
21727,15
21730,10
21735,1
21736,20
21737,13
21738,11
21742,2
21744,19
21747,6
21749,6
21753,9
21754,9
21755,9
21756,4
21757,9
21759,4
21760,6
21764,20
21765,13
21766,19
21767,11
21769,7
21771,19
21774,2
21775,8
21777,17
21778,10
21780,9
21781,9
21784,15
21791,2
21793,12
21796,5
21801,11
21803,9
21806,12
21809,2
21811,19
21813,15
21815,17
21816,16
21817,9
21819,2
21822,15
21824,20
21826,15
21827,17
21830,9
21833,14
21834,4
21835,17
21836,8
21840,15
21843,16
21845,16
21847,9
21850,15
21851,5
21852,15
21854,19
21855,12
21857,1
21858,15
21859,11
21864,4
21869,11
21873,16
21874,19
21875,4
21876,11
21881,18
21883,16
21884,2
21887,20
21891,20
21897,9
21901,20
21906,4
21911,12
21912,17
21913,12
21916,20
21922,17
21925,13
21928,11
21931,20
21938,10
21939,19
21941,8
21942,4
21945,20
21948,9
21954,20
21959,4
21961,16
21964,13
21969,18
21979,5
21981,20
21983,19
21984,16
21985,17
21986,13
21989,2
21990,9
21993,19
21994,15
21998,9
21999,19
22000,4
22002,15
22005,19
22006,4
22010,18
22011,18
22012,11
22015,2
22018,9
22026,8
22033,15
22036,5
22037,1
22040,17
22041,12
22043,20
22045,6
22047,6
22048,17
22049,11
22050,19
22051,4
22055,6
22057,12
22061,19
22062,9
22067,13
22068,16
22069,16
22072,18
22076,16
22077,10
22079,16
22080,10
22082,4
22083,20
22086,1
22089,5
22090,3
22098,15
22100,5
22102,17
22103,6
22107,2
22108,15
22111,15
22114,12
22117,9
22118,18
22119,2
22120,6
22122,2
22125,15
22128,19
22131,20
22132,2
22135,9
22138,20
22139,9
22142,17
22144,6
22147,1
22149,4
22151,19
22153,1
22160,4
22161,4
22166,2
22167,6
22169,16
22175,9
22178,17
22180,1
22181,10
22182,16
22186,20
22188,6
22189,13
22190,12
22195,4
22196,13
22201,9
22205,11
22207,4
22209,2
22213,1
22215,6
22217,13
22218,7
22223,14
22224,11
22225,12
22228,16
22229,13
22233,10
22234,8
22235,13
22239,11
22246,15
22247,11
22255,5
22256,8
22260,11
22261,4
22262,6
22270,9
22271,11
22276,15
22277,16
22278,19
22280,19
22282,5
22285,16
22287,13
22289,4
22299,11
22310,13
22311,9
22315,16
22317,1
22318,8
22323,19
22327,16
22328,9
22330,18
22337,19
22341,6
22348,11
22350,17
22351,4
22353,19
22354,2
22355,2
22356,19
22357,1
22358,20
22359,9
22367,19
22372,5
22374,20
22377,16
22380,11
22382,9
22384,7
22385,4
22387,9
22388,5
22395,6
22398,9
22400,19
22401,8
22403,11
22405,18
22408,9
22418,11
22422,20
22424,10
22427,5
22430,5
22431,9
22433,17
22434,6
22435,19
22446,10
22450,9
22451,12
22452,16
22453,9
22458,7
22461,9
22463,9
22465,12
22467,4
22468,14
22469,6
22470,6
22478,5
22479,19
22481,5
22486,12
22492,12
22495,16
22496,10
22499,9
22500,9
22501,4
22502,8
22505,4
22509,16
22510,10
22522,15
22524,7
22528,13
22530,9
22534,12
22536,11
22537,12
22538,20
22546,4
22547,11
22548,8
22552,10
22554,11
22556,15
22557,9
22559,1
22560,1
22562,4
22566,5
22567,13
22568,19
22569,13
22570,8
22578,5
22579,2
22581,15
22584,17
22585,19
22588,8
22591,19
22592,15
22594,18
22597,13
22598,10
22603,12
22605,6
22607,20
22608,10
22613,2
22618,4
22619,15
22624,15
22625,15
22629,19
22631,4
22633,16
22635,16
22638,7
22640,4
22641,5
22642,4
22643,2
22648,19
22652,20
22659,18
22660,4
22662,9
22665,20
22666,5
22667,7
22669,20
22672,20
22673,10
22675,20
22681,13
22685,6
22688,10
22690,19
22693,11
22696,20
22698,9
22701,9
22707,11
22709,16
22713,5
22717,11
22719,12
22721,20
22723,4
22728,18
22729,11
22732,6
22734,9
22741,12
22742,17
22744,15
22746,18
22750,20
22751,11
22752,11
22754,13
22760,4
22761,4
22764,19
22765,4
22766,15
22767,9
22768,6
22769,14
22775,9
22777,16
22779,13
22780,10
22782,17
22785,19
22786,19
22788,4
22790,1
22793,17
22795,6
22800,5
22803,15
22805,20
22810,2
22812,4
22815,13
22816,16
22818,4
22821,16
22822,4
22824,17
22826,5
22830,4
22833,4
22837,20
22839,16
22840,6
22841,14
22842,2
22847,11
22848,20
22853,6
22858,11
22863,13
22864,9
22868,18
22871,4
22872,5
22873,19
22874,12
22882,17
22883,19
22889,17
22890,12
22894,19
22898,10
22902,4
22903,8
22908,7
22912,19
22914,2
22916,12
22918,9
22919,4
22921,18
22922,11
22923,19
22925,6
22926,9
22930,13
22931,19
22933,16
22939,19
22941,1
22942,17
22943,4
22945,6
22948,13
22950,9
22958,16
22959,20
22962,2
22965,18
22966,11
22969,17
22971,17
22972,9
22975,2
22976,11
22977,17
22979,2
22981,5
22982,16
22983,19
22985,19
22986,6
22987,9
22988,16
22992,15
22993,11
22995,8
22997,15
23000,2
23008,19
23012,10
23015,1
23025,18
23026,19
23031,19
23032,13
23034,4
23036,20
23037,20
23038,6
23045,16
23049,2
23053,13
23059,6
23060,15
23062,4
23063,11
23065,19
23066,4
23068,18
23070,20
23072,17
23074,15
23075,17
23076,13
23077,11
23086,8
23087,4
23088,6
23090,10
23091,9
23092,18
23095,19
23096,18
23098,11
23101,4
23102,4
23106,17
23111,16
23112,13
23114,9
23124,2
23126,7
23127,13
23131,13
23133,6
23134,2
23135,11
23136,12
23138,20
23139,20
23142,18
23143,16
23152,17
23153,18
23156,6
23158,19
23159,2
23163,11
23167,16
23168,19
23169,8
23171,11
23174,2
23175,2
23177,12
23178,6
23187,4
23189,19
23194,6
23195,11
23196,20
23198,20
23199,4
23204,13
23209,18
23211,8
23216,1
23217,20
23218,16
23219,4
23220,15
23222,20
23225,11
23228,5
23231,4
23234,9
23235,8
23239,11
23244,18
23246,11
23247,4
23255,18
23256,2
23261,4
23265,6
23266,9
23276,15
23279,4
23282,6
23285,5
23286,4
23292,1
23294,9
23297,19
23300,4
23302,4
23304,2
23306,13
23307,11
23312,20
23315,10
23317,6
23319,5
23322,12
23323,8
23329,1
23331,2
23333,18
23336,11
23337,6
23339,18
23342,10
23344,12
23347,2
23349,9
23350,20
23354,5
23362,7
23363,13
23364,15
23367,15
23372,13
23375,20
23382,16
23389,11
23393,6
23396,7
23399,13
23401,6
23403,13
23406,18
23409,9
23414,6
23415,15
23416,11
23418,16
23422,15
23424,19
23426,5
23429,16
23436,18
23437,15
23442,15
23443,20
23444,4
23446,18
23448,11
23451,15
23456,7
23462,20
23465,18
23468,4
23470,17
23476,20
23477,7
23481,5
23484,16
23492,19
23497,2
23508,6
23512,2
23514,4
23515,4
23516,4
23524,17
23526,16
23528,13
23530,12
23533,11
23535,17
23545,15
23546,17
23553,13
23554,1
23555,11
23560,6
23563,15
23565,2
23569,8
23570,8
23572,5
23584,4
23585,11
23588,11
23591,20
23594,2
23600,2
23607,1
23613,14
23617,5
23621,19
23622,9
23623,11
23626,4
23627,20
23628,20
23629,6
23630,2
23631,4
23636,16
23637,19
23640,6
23642,2
23646,4
23648,8
23649,11
23650,19
23652,16
23653,20
23655,9
23657,9
23663,8
23665,16
23669,12
23673,15
23674,9
23678,5
23679,4
23680,11
23685,2
23687,11
23696,9
23697,4
23699,11
23700,9
23702,2
23703,6
23704,9
23706,2
23707,9
23708,4
23709,20
23710,2
23711,8
23713,11
23717,16
23718,19
23721,2
23726,4
23731,7
23739,11
23744,19
23745,17
23746,13
23748,8
23750,12
23752,9
23753,10
23759,19
23762,2
23765,19
23767,13
23771,11
23773,19
23774,4
23776,15
23779,9
23782,13
23783,10
23789,15
23792,4
23797,20
23809,8
23810,16
23813,17
23823,6
23825,6
23826,19
23829,20
23830,4
23831,16
23834,4
23837,9
23839,19
23840,19
23841,7
23843,11
23844,6
23846,9
23847,9
23848,2
23849,4
23851,13
23858,8
23859,11
23860,13
23864,6
23865,19
23870,4
23871,19
23875,9
23876,2
23888,2
23890,19
23891,19
23892,17
23893,5
23895,9
23898,15
23899,20
23901,20
23903,2
23906,9
23907,8
23908,8
23909,13
23911,15
23913,17
23915,8
23916,9
23917,4
23920,4
23922,20
23923,11
23924,19
23934,5
23935,13
23937,9
23938,9
23939,20
23940,10
23941,4
23944,5
23946,6
23949,17
23952,2
23954,6
23955,17
23956,17
23957,9
23960,16
23961,4
23962,9
23964,19
23966,2
23969,20
23971,19
23973,11
23976,4
23979,4
23983,6
23984,17
23986,1
23991,17
23992,4
23998,5
24000,1
